tweet_id,text,created_at,author_id,conversation_id,referenced_tweets,attachments,context_annotations,geo,source,searched_term
1761920694995304699,Meta says Broadcom CEO Hock Tan is joining board of directors (https://t.co/XxfPv9WVeY),2024-02-26 01:06:43+00:00,554087969,1761920694995304699,,,"[{'domain': {'id': '47', 'name': 'Brand', 'description': 'Brands and Companies'}, 'entity': {'id': '10043168839', 'name': 'Broadcom Limited'}}]",,,Broadcom
1761919794821927202,RT @Broadcom: üì£: FCC's recent approval of AFC operators solidifies its commitment to unlocking the full potential of the 6 GHz band for Wi-‚Ä¶,2024-02-26 01:03:08+00:00,136193078,1761919794821927202,[<ReferencedTweet id=1761128073724826041 type=retweeted>],,"[{'domain': {'id': '88', 'name': 'Political Body', 'description': 'A section of a government, like The Supreme Court'}, 'entity': {'id': '941706489546252288', 'name': 'Federal Communications Commission', 'description': 'United States Federal Communications Commission'}}, {'domain': {'id': '131', 'name': 'Unified Twitter Taxonomy', 'description': 'A taxonomy of user interests. '}, 'entity': {'id': '847878884917886977', 'name': 'Politics', 'description': 'Politics'}}, {'domain': {'id': '131', 'name': 'Unified Twitter Taxonomy', 'description': 'A taxonomy of user interests. '}, 'entity': {'id': '941706489546252288', 'name': 'Federal Communications Commission', 'description': 'United States Federal Communications Commission'}}, {'domain': {'id': '131', 'name': 'Unified Twitter Taxonomy', 'description': 'A taxonomy of user interests. '}, 'entity': {'id': '1068583660914266113', 'name': 'Government institutions', 'description': 'Political Body'}}, {'domain': {'id': '47', 'name': 'Brand', 'description': 'Brands and Companies'}, 'entity': {'id': '10043168839', 'name': 'Broadcom Limited'}}]",,,Broadcom
1761916098554007912,@osamu_uk „ÅÑ„ÇÑ„ÄÅ„Åª„Çì„Å®„Å´„Åà„ÅàÔºÅ„Å£„Å¶ÊÑü„Åò„Åß„Åô„ÄÇÁ¢∫„ÅãBroadcom„ÅØ7ÂÖÜÂÜÜ„Åè„Çâ„ÅÑ„ÅßVMwareË≤∑Âèé„Åó„Å¶„Åü„ÅØ„Åö„Å™„ÅÆ„Å´„ÄÇ‰Ωï„Åå„Åó„Åü„Åã„Å£„Åü„ÅÆ„ÅãÔºüÔºü,2024-02-26 00:48:27+00:00,33856681,1761914317405126859,[<ReferencedTweet id=1761914317405126859 type=replied_to>],,"[{'domain': {'id': '30', 'name': 'Entities [Entity Service]', 'description': 'Entity Service top level domain, every item that is in Entity Service should be in this domain'}, 'entity': {'id': '781974596752842752', 'name': 'Services'}}, {'domain': {'id': '47', 'name': 'Brand', 'description': 'Brands and Companies'}, 'entity': {'id': '10042866033', 'name': 'VMware'}}, {'domain': {'id': '47', 'name': 'Brand', 'description': 'Brands and Companies'}, 'entity': {'id': '10043168839', 'name': 'Broadcom Limited'}}]",,,Broadcom
1761914551342129240,"@PhoHuu98182 Impressive strategic move by Broadcom, maximizing value with KKR's acquisition in line with portfolio optimization.",2024-02-26 00:42:18+00:00,715662578714877956,1761890111627932096,[<ReferencedTweet id=1761890111627932096 type=replied_to>],,"[{'domain': {'id': '47', 'name': 'Brand', 'description': 'Brands and Companies'}, 'entity': {'id': '10043168839', 'name': 'Broadcom Limited'}}]",,,Broadcom
1761913754965377453,"RT @ThreatHunter_AI: Are you affected by @broadcom @carbonblack MDR discontinuation?

https://t.co/IlSNanSDCb is here to help you !

üõ°Ô∏è Cal‚Ä¶",2024-02-26 00:39:08+00:00,1445189513291182083,1761913754965377453,[<ReferencedTweet id=1760811233077588333 type=retweeted>],,"[{'domain': {'id': '47', 'name': 'Brand', 'description': 'Brands and Companies'}, 'entity': {'id': '10043168839', 'name': 'Broadcom Limited'}}]",,,Broadcom
1761913242895409521,@PhoHuu98182 Interesting move by Broadcom. CEO Hock Tan making strategic changes post-VMware acquisition with KKR involved.,2024-02-26 00:37:06+00:00,291959965,1761890111627932096,[<ReferencedTweet id=1761890111627932096 type=replied_to>],,"[{'domain': {'id': '30', 'name': 'Entities [Entity Service]', 'description': 'Entity Service top level domain, every item that is in Entity Service should be in this domain'}, 'entity': {'id': '781974596752842752', 'name': 'Services'}}, {'domain': {'id': '47', 'name': 'Brand', 'description': 'Brands and Companies'}, 'entity': {'id': '10042866033', 'name': 'VMware'}}, {'domain': {'id': '47', 'name': 'Brand', 'description': 'Brands and Companies'}, 'entity': {'id': '10043168839', 'name': 'Broadcom Limited'}}]",,,Broadcom
1761912240507101629,"@PhoHuu98182 Interesting move by Broadcom as they streamline operations post-acquisition, strategic steps by CEO Hock Tan.",2024-02-26 00:33:07+00:00,3345973335,1761890111627932096,[<ReferencedTweet id=1761890111627932096 type=replied_to>],,"[{'domain': {'id': '47', 'name': 'Brand', 'description': 'Brands and Companies'}, 'entity': {'id': '10043168839', 'name': 'Broadcom Limited'}}]",,,Broadcom
1761912075151179961,@Broadcom execs are complete morons not listening to the users and customers. Why by it to fail? https://t.co/B05v4HYznr,2024-02-26 00:32:28+00:00,600346072,1761912075151179961,,,"[{'domain': {'id': '47', 'name': 'Brand', 'description': 'Brands and Companies'}, 'entity': {'id': '10043168839', 'name': 'Broadcom Limited'}}]",,,Broadcom
1761910302692807012,@PhoHuu98182 Exciting news for Broadcom's strategic shift under CEO Hock Tan. KKR making moves in tech acquisitions.,2024-02-26 00:25:25+00:00,1075426418702540800,1761890111627932096,[<ReferencedTweet id=1761890111627932096 type=replied_to>],,"[{'domain': {'id': '47', 'name': 'Brand', 'description': 'Brands and Companies'}, 'entity': {'id': '10043168839', 'name': 'Broadcom Limited'}}]",,,Broadcom
1761907520761672004,"RT @StockSavvyShay: $KLAC, $AVGO &amp; $MRVL provide essential AI ecosystem infrastructure, with KLA ensuring chip quality, Broadcom enhancing‚Ä¶",2024-02-26 00:14:22+00:00,1642220421922603011,1761907520761672004,[<ReferencedTweet id=1761769162366706145 type=retweeted>],,"[{'domain': {'id': '46', 'name': 'Business Taxonomy', 'description': 'Categories within Brand Verticals that narrow down the scope of Brands'}, 'entity': {'id': '1557696848252391426', 'name': 'Financial Services Business', 'description': 'Brands, companies, advertisers and every non-person handle with the profit intent related to Banks, Credit cards, Insurance, Investments, Stocks '}}, {'domain': {'id': '47', 'name': 'Brand', 'description': 'Brands and Companies'}, 'entity': {'id': '10043168839', 'name': 'Broadcom Limited'}}, {'domain': {'id': '47', 'name': 'Brand', 'description': 'Brands and Companies'}, 'entity': {'id': '1480944077600223234', 'name': 'KLA Corporation'}}, {'domain': {'id': '131', 'name': 'Unified Twitter Taxonomy', 'description': 'A taxonomy of user interests. '}, 'entity': {'id': '10043168839', 'name': 'Broadcom Limited'}}, {'domain': {'id': '131', 'name': 'Unified Twitter Taxonomy', 'description': 'A taxonomy of user interests. '}, 'entity': {'id': '864154902926196737', 'name': 'S&P 500', 'description': 'S&P 500'}}, {'domain': {'id': '131', 'name': 'Unified Twitter Taxonomy', 'description': 'A taxonomy of user interests. '}, 'entity': {'id': '1480944077600223234', 'name': 'KLA Corporation'}}, {'domain': {'id': '47', 'name': 'Brand', 'description': 'Brands and Companies'}, 'entity': {'id': '10043168839', 'name': 'Broadcom Limited'}}, {'domain': {'id': '65', 'name': 'Interests and Hobbies Vertical', 'description': 'Top level interests and hobbies groupings, like Food or Travel'}, 'entity': {'id': '781974596148793345', 'name': 'Business & finance'}}, {'domain': {'id': '66', 'name': 'Interests and Hobbies Category', 'description': 'A grouping of interests and hobbies entities, like Novelty Food or Destinations'}, 'entity': {'id': '847888632711061504', 'name': 'Personal finance', 'description': 'Personal finance'}}, {'domain': {'id': '67', 'name': 'Interests and Hobbies', 'description': 'Interests, opinions, and behaviors of individuals, groups, or cultures; like Speciality Cooking or Theme Parks'}, 'entity': {'id': '847894852779900928', 'name': 'Stocks & indices', 'description': 'Stocks'}}]",,,Broadcom
1761919659673256326,"RT @hehehe0222: Â≠¶Áøí„ÅØ„Çπ„Ç±„Éº„É™„É≥„Ç∞Ââá„ÄÅ„É°„É¢„É™„ÅØhbm„ÅßÂãùË≤†„Åå„Å§„ÅÑ„Åü

„Éç„ÉÉ„Éà„ÉØ„Éº„ÇØ„ÅØ„Åæ„Å†Êà¶„Å£„Å¶„ÅÑ„Çã„Åå„ÄÅÊúÄËøë„ÅØÊñ∞„Åó„ÅÑÂãï„Åç„ÅåÂá∫„Å¶„Åç„Å¶„ÅÑ„Çã

nvda„ÄÅavgo„ÅÆÂº∑„Åø„ÅØ„Å™„Çì„Åß„ÅÇ„Çå„Åì„ÅÆ‰∫∫„Çâ„Å´Áõ∏Ë´á„ÅåË°å„Åè„Åß„ÅÇ„Çç„ÅÜ„Å®„ÅÑ„ÅÜ„Åì„Å®
Ê†™‰æ°„ÇÑÂ£≤„Çä‰∏ä„Åí„ÅØÁü•„Çâ„Å™„ÅÑ„Åå„ÄÅÊäÄË°ìÁöÑ„Å´„Åì„ÅÑ„Å§„Çâ„Çí„Åæ„Åè‚Ä¶",2024-02-26 01:02:36+00:00,17941485,1761919659673256326,[<ReferencedTweet id=1761641241408868361 type=retweeted>],,"[{'domain': {'id': '3', 'name': 'TV Shows', 'description': 'Television shows from around the world'}, 'entity': {'id': '10047299100', 'name': '„Å™„Çì„Åß„ÄÅ„Åì„Çì„Å™‰∫∫Áîü„Å´?'}}]",,,AVGO
1761919215576195399,$avgo Top analyst price target for next week..üíπüìàüìâüí∞ https://t.co/mnx24A1dzw,2024-02-26 01:00:50+00:00,1563393207177687045,1761919215576195399,,,"[{'domain': {'id': '46', 'name': 'Business Taxonomy', 'description': 'Categories within Brand Verticals that narrow down the scope of Brands'}, 'entity': {'id': '1557696848252391426', 'name': 'Financial Services Business', 'description': 'Brands, companies, advertisers and every non-person handle with the profit intent related to Banks, Credit cards, Insurance, Investments, Stocks '}}, {'domain': {'id': '47', 'name': 'Brand', 'description': 'Brands and Companies'}, 'entity': {'id': '10043168839', 'name': 'Broadcom Limited'}}, {'domain': {'id': '131', 'name': 'Unified Twitter Taxonomy', 'description': 'A taxonomy of user interests. '}, 'entity': {'id': '10043168839', 'name': 'Broadcom Limited'}}, {'domain': {'id': '131', 'name': 'Unified Twitter Taxonomy', 'description': 'A taxonomy of user interests. '}, 'entity': {'id': '864154902926196737', 'name': 'S&P 500', 'description': 'S&P 500'}}, {'domain': {'id': '65', 'name': 'Interests and Hobbies Vertical', 'description': 'Top level interests and hobbies groupings, like Food or Travel'}, 'entity': {'id': '781974596148793345', 'name': 'Business & finance'}}, {'domain': {'id': '66', 'name': 'Interests and Hobbies Category', 'description': 'A grouping of interests and hobbies entities, like Novelty Food or Destinations'}, 'entity': {'id': '847888632711061504', 'name': 'Personal finance', 'description': 'Personal finance'}}, {'domain': {'id': '67', 'name': 'Interests and Hobbies', 'description': 'Interests, opinions, and behaviors of individuals, groups, or cultures; like Speciality Cooking or Theme Parks'}, 'entity': {'id': '847894852779900928', 'name': 'Stocks & indices', 'description': 'Stocks'}}]",,,AVGO
1761913359031583171,"$AVGO Top analyst price target for next week:,,..
https://t.co/bsv8TfcFU6",2024-02-26 00:37:34+00:00,1565310211195379714,1761913359031583171,,,"[{'domain': {'id': '46', 'name': 'Business Taxonomy', 'description': 'Categories within Brand Verticals that narrow down the scope of Brands'}, 'entity': {'id': '1557696848252391426', 'name': 'Financial Services Business', 'description': 'Brands, companies, advertisers and every non-person handle with the profit intent related to Banks, Credit cards, Insurance, Investments, Stocks '}}, {'domain': {'id': '47', 'name': 'Brand', 'description': 'Brands and Companies'}, 'entity': {'id': '10043168839', 'name': 'Broadcom Limited'}}, {'domain': {'id': '131', 'name': 'Unified Twitter Taxonomy', 'description': 'A taxonomy of user interests. '}, 'entity': {'id': '10043168839', 'name': 'Broadcom Limited'}}, {'domain': {'id': '131', 'name': 'Unified Twitter Taxonomy', 'description': 'A taxonomy of user interests. '}, 'entity': {'id': '864154902926196737', 'name': 'S&P 500', 'description': 'S&P 500'}}, {'domain': {'id': '65', 'name': 'Interests and Hobbies Vertical', 'description': 'Top level interests and hobbies groupings, like Food or Travel'}, 'entity': {'id': '781974596148793345', 'name': 'Business & finance'}}, {'domain': {'id': '66', 'name': 'Interests and Hobbies Category', 'description': 'A grouping of interests and hobbies entities, like Novelty Food or Destinations'}, 'entity': {'id': '847888632711061504', 'name': 'Personal finance', 'description': 'Personal finance'}}, {'domain': {'id': '67', 'name': 'Interests and Hobbies', 'description': 'Interests, opinions, and behaviors of individuals, groups, or cultures; like Speciality Cooking or Theme Parks'}, 'entity': {'id': '847894852779900928', 'name': 'Stocks & indices', 'description': 'Stocks'}}]",,,AVGO
1761909026671976575,"RT @Capybara_Stock: $NVDA Á≠ÜÈ†≠„Å´AI„Éê„Éñ„É´Êû†„ÅåÂãùÊâã„Å´‰º∏„Å≥„Å¶„ÅÑ„Åè„ÅÆ„Åß„ÄÅ„Åù„Çå‰ª•Â§ñ„ÅÆÊû†„Å´„ÇÇ„Åù„Çç„Åù„ÇçÁõÆ„Çí‰ªò„Åë„Åü„ÅÑ„Å®„Åì„Çç...

ÂÄôË£ú(Ëá™ÂàÜÁî®„É°„É¢)
AIÔºö $ARM $PLTR $META $MSFT $AVGO $SOXL 
„ÄÄ‚áíÁéãÈÅì„ÄÇ
BTCÔºö $COIN‚Ä¶",2024-02-26 00:20:21+00:00,231797576,1761909026671976575,[<ReferencedTweet id=1760645406042808335 type=retweeted>],,"[{'domain': {'id': '46', 'name': 'Business Taxonomy', 'description': 'Categories within Brand Verticals that narrow down the scope of Brands'}, 'entity': {'id': '1557696848252391426', 'name': 'Financial Services Business', 'description': 'Brands, companies, advertisers and every non-person handle with the profit intent related to Banks, Credit cards, Insurance, Investments, Stocks '}}, {'domain': {'id': '47', 'name': 'Brand', 'description': 'Brands and Companies'}, 'entity': {'id': '10027232467', 'name': 'Microsoft'}}, {'domain': {'id': '47', 'name': 'Brand', 'description': 'Brands and Companies'}, 'entity': {'id': '10043168839', 'name': 'Broadcom Limited'}}, {'domain': {'id': '30', 'name': 'Entities [Entity Service]', 'description': 'Entity Service top level domain, every item that is in Entity Service should be in this domain'}, 'entity': {'id': '1007360414114435072', 'name': 'Bitcoin cryptocurrency', 'description': 'Bitcoin Cryptocurrency'}}, {'domain': {'id': '47', 'name': 'Brand', 'description': 'Brands and Companies'}, 'entity': {'id': '1397575510507474944', 'name': 'Palantir'}}, {'domain': {'id': '47', 'name': 'Brand', 'description': 'Brands and Companies'}, 'entity': {'id': '1480944075918352385', 'name': 'Nvidia'}}, {'domain': {'id': '131', 'name': 'Unified Twitter Taxonomy', 'description': 'A taxonomy of user interests. '}, 'entity': {'id': '10027232467', 'name': 'Microsoft'}}, {'domain': {'id': '131', 'name': 'Unified Twitter Taxonomy', 'description': 'A taxonomy of user interests. '}, 'entity': {'id': '10043168839', 'name': 'Broadcom Limited'}}, {'domain': {'id': '131', 'name': 'Unified Twitter Taxonomy', 'description': 'A taxonomy of user interests. '}, 'entity': {'id': '847894852779900928', 'name': 'Stocks & indices', 'description': 'Stocks'}}, {'domain': {'id': '131', 'name': 'Unified Twitter Taxonomy', 'description': 'A taxonomy of user interests. '}, 'entity': {'id': '864154902926196737', 'name': 'S&P 500', 'description': 'S&P 500'}}, {'domain': {'id': '131', 'name': 'Unified Twitter Taxonomy', 'description': 'A taxonomy of user interests. '}, 'entity': {'id': '913142676819648512', 'name': 'Cryptocurrencies', 'description': 'Cryptocurrency'}}, {'domain': {'id': '131', 'name': 'Unified Twitter Taxonomy', 'description': 'A taxonomy of user interests. '}, 'entity': {'id': '1007360414114435072', 'name': 'Bitcoin cryptocurrency', 'description': 'Bitcoin Cryptocurrency'}}, {'domain': {'id': '131', 'name': 'Unified Twitter Taxonomy', 'description': 'A taxonomy of user interests. '}, 'entity': {'id': '1303029299474100225', 'name': '$MSFT'}}, {'domain': {'id': '131', 'name': 'Unified Twitter Taxonomy', 'description': 'A taxonomy of user interests. '}, 'entity': {'id': '1313539885362343936', 'name': '$NVDA'}}, {'domain': {'id': '131', 'name': 'Unified Twitter Taxonomy', 'description': 'A taxonomy of user interests. '}, 'entity': {'id': '1313831294237773825', 'name': '$PLTR'}}, {'domain': {'id': '131', 'name': 'Unified Twitter Taxonomy', 'description': 'A taxonomy of user interests. '}, 'entity': {'id': '1397575510507474944', 'name': 'Palantir'}}, {'domain': {'id': '131', 'name': 'Unified Twitter Taxonomy', 'description': 'A taxonomy of user interests. '}, 'entity': {'id': '1480944075918352385', 'name': 'Nvidia'}}, {'domain': {'id': '131', 'name': 'Unified Twitter Taxonomy', 'description': 'A taxonomy of user interests. '}, 'entity': {'id': '1484181943616884743', 'name': 'Cryptocoins'}}, {'domain': {'id': '131', 'name': 'Unified Twitter Taxonomy', 'description': 'A taxonomy of user interests. '}, 'entity': {'id': '1492162686204854274', 'name': 'Digital assets & cryptocurrency', 'description': 'Cryptocurrency'}}, {'domain': {'id': '166', 'name': 'Stocks', 'description': 'for individual and types of stocks, e.g., $TRX, $QQQ'}, 'entity': {'id': '1303029299474100225', 'name': '$MSFT'}}, {'domain': {'id': '166', 'name': 'Stocks', 'description': 'for individual and types of stocks, e.g., $TRX, $QQQ'}, 'entity': {'id': '1313539885362343936', 'name': '$NVDA'}}, {'domain': {'id': '166', 'name': 'Stocks', 'description': 'for individual and types of stocks, e.g., $TRX, $QQQ'}, 'entity': {'id': '1313831294237773825', 'name': '$PLTR'}}, {'domain': {'id': '174', 'name': 'Digital Assets & Crypto', 'description': 'For cryptocurrency entities'}, 'entity': {'id': '1007360414114435072', 'name': 'Bitcoin cryptocurrency', 'description': 'Bitcoin Cryptocurrency'}}, {'domain': {'id': '65', 'name': 'Interests and Hobbies Vertical', 'description': 'Top level interests and hobbies groupings, like Food or Travel'}, 'entity': {'id': '781974596148793345', 'name': 'Business & finance'}}, {'domain': {'id': '66', 'name': 'Interests and Hobbies Category', 'description': 'A grouping of interests and hobbies entities, like Novelty Food or Destinations'}, 'entity': {'id': '847888632711061504', 'name': 'Personal finance', 'description': 'Personal finance'}}, {'domain': {'id': '67', 'name': 'Interests and Hobbies', 'description': 'Interests, opinions, and behaviors of individuals, groups, or cultures; like Speciality Cooking or Theme Parks'}, 'entity': {'id': '847894852779900928', 'name': 'Stocks & indices', 'description': 'Stocks'}}, {'domain': {'id': '29', 'name': 'Events [Entity Service]', 'description': 'Real world events. '}, 'entity': {'id': '788929372342263808', 'name': 'Cheddar', 'description': 'Cheddar'}}]",,,AVGO
1761907566982885506,"RT @StockSavvyShay: To review ‚§µÔ∏è

‚Ä¢ Hardware Foundation | $NVDA leads with AI chips, challenged by $AMD &amp; $INTC.

‚Ä¢ Chip Innovation | $ASML‚Ä¶",2024-02-26 00:14:33+00:00,1642220421922603011,1761907566982885506,[<ReferencedTweet id=1761769168050041294 type=retweeted>],,"[{'domain': {'id': '46', 'name': 'Business Taxonomy', 'description': 'Categories within Brand Verticals that narrow down the scope of Brands'}, 'entity': {'id': '1557696848252391426', 'name': 'Financial Services Business', 'description': 'Brands, companies, advertisers and every non-person handle with the profit intent related to Banks, Credit cards, Insurance, Investments, Stocks '}}, {'domain': {'id': '47', 'name': 'Brand', 'description': 'Brands and Companies'}, 'entity': {'id': '10026332285', 'name': 'Intel'}}, {'domain': {'id': '47', 'name': 'Brand', 'description': 'Brands and Companies'}, 'entity': {'id': '1480944075918352385', 'name': 'Nvidia'}}, {'domain': {'id': '47', 'name': 'Brand', 'description': 'Brands and Companies'}, 'entity': {'id': '1480944078397132804', 'name': 'Advanced Micro Devices'}}, {'domain': {'id': '131', 'name': 'Unified Twitter Taxonomy', 'description': 'A taxonomy of user interests. '}, 'entity': {'id': '10026332285', 'name': 'Intel'}}, {'domain': {'id': '131', 'name': 'Unified Twitter Taxonomy', 'description': 'A taxonomy of user interests. '}, 'entity': {'id': '847894852779900928', 'name': 'Stocks & indices', 'description': 'Stocks'}}, {'domain': {'id': '131', 'name': 'Unified Twitter Taxonomy', 'description': 'A taxonomy of user interests. '}, 'entity': {'id': '864154902926196737', 'name': 'S&P 500', 'description': 'S&P 500'}}, {'domain': {'id': '131', 'name': 'Unified Twitter Taxonomy', 'description': 'A taxonomy of user interests. '}, 'entity': {'id': '1306568690641428481', 'name': '$AMD'}}, {'domain': {'id': '131', 'name': 'Unified Twitter Taxonomy', 'description': 'A taxonomy of user interests. '}, 'entity': {'id': '1313539885362343936', 'name': '$NVDA'}}, {'domain': {'id': '131', 'name': 'Unified Twitter Taxonomy', 'description': 'A taxonomy of user interests. '}, 'entity': {'id': '1480944075918352385', 'name': 'Nvidia'}}, {'domain': {'id': '131', 'name': 'Unified Twitter Taxonomy', 'description': 'A taxonomy of user interests. '}, 'entity': {'id': '1480944078397132804', 'name': 'Advanced Micro Devices'}}, {'domain': {'id': '166', 'name': 'Stocks', 'description': 'for individual and types of stocks, e.g., $TRX, $QQQ'}, 'entity': {'id': '1306568690641428481', 'name': '$AMD'}}, {'domain': {'id': '166', 'name': 'Stocks', 'description': 'for individual and types of stocks, e.g., $TRX, $QQQ'}, 'entity': {'id': '1313539885362343936', 'name': '$NVDA'}}, {'domain': {'id': '65', 'name': 'Interests and Hobbies Vertical', 'description': 'Top level interests and hobbies groupings, like Food or Travel'}, 'entity': {'id': '781974596148793345', 'name': 'Business & finance'}}, {'domain': {'id': '66', 'name': 'Interests and Hobbies Category', 'description': 'A grouping of interests and hobbies entities, like Novelty Food or Destinations'}, 'entity': {'id': '847888632711061504', 'name': 'Personal finance', 'description': 'Personal finance'}}, {'domain': {'id': '67', 'name': 'Interests and Hobbies', 'description': 'Interests, opinions, and behaviors of individuals, groups, or cultures; like Speciality Cooking or Theme Parks'}, 'entity': {'id': '847894852779900928', 'name': 'Stocks & indices', 'description': 'Stocks'}}]",,,AVGO
1761907520761672004,"RT @StockSavvyShay: $KLAC, $AVGO &amp; $MRVL provide essential AI ecosystem infrastructure, with KLA ensuring chip quality, Broadcom enhancing‚Ä¶",2024-02-26 00:14:22+00:00,1642220421922603011,1761907520761672004,[<ReferencedTweet id=1761769162366706145 type=retweeted>],,"[{'domain': {'id': '46', 'name': 'Business Taxonomy', 'description': 'Categories within Brand Verticals that narrow down the scope of Brands'}, 'entity': {'id': '1557696848252391426', 'name': 'Financial Services Business', 'description': 'Brands, companies, advertisers and every non-person handle with the profit intent related to Banks, Credit cards, Insurance, Investments, Stocks '}}, {'domain': {'id': '47', 'name': 'Brand', 'description': 'Brands and Companies'}, 'entity': {'id': '10043168839', 'name': 'Broadcom Limited'}}, {'domain': {'id': '47', 'name': 'Brand', 'description': 'Brands and Companies'}, 'entity': {'id': '1480944077600223234', 'name': 'KLA Corporation'}}, {'domain': {'id': '131', 'name': 'Unified Twitter Taxonomy', 'description': 'A taxonomy of user interests. '}, 'entity': {'id': '10043168839', 'name': 'Broadcom Limited'}}, {'domain': {'id': '131', 'name': 'Unified Twitter Taxonomy', 'description': 'A taxonomy of user interests. '}, 'entity': {'id': '864154902926196737', 'name': 'S&P 500', 'description': 'S&P 500'}}, {'domain': {'id': '131', 'name': 'Unified Twitter Taxonomy', 'description': 'A taxonomy of user interests. '}, 'entity': {'id': '1480944077600223234', 'name': 'KLA Corporation'}}, {'domain': {'id': '47', 'name': 'Brand', 'description': 'Brands and Companies'}, 'entity': {'id': '10043168839', 'name': 'Broadcom Limited'}}, {'domain': {'id': '65', 'name': 'Interests and Hobbies Vertical', 'description': 'Top level interests and hobbies groupings, like Food or Travel'}, 'entity': {'id': '781974596148793345', 'name': 'Business & finance'}}, {'domain': {'id': '66', 'name': 'Interests and Hobbies Category', 'description': 'A grouping of interests and hobbies entities, like Novelty Food or Destinations'}, 'entity': {'id': '847888632711061504', 'name': 'Personal finance', 'description': 'Personal finance'}}, {'domain': {'id': '67', 'name': 'Interests and Hobbies', 'description': 'Interests, opinions, and behaviors of individuals, groups, or cultures; like Speciality Cooking or Theme Parks'}, 'entity': {'id': '847894852779900928', 'name': 'Stocks & indices', 'description': 'Stocks'}}]",,,AVGO
1761907012592607338,"RT @Banana3Stocks: $ARM $AVGO $SPY $QQQ

ARM - what an earnings report!!! ‚ù§Ô∏è

Glad I at least grabbed 50 shares

This is a perfect example‚Ä¶",2024-02-26 00:12:21+00:00,1696955563,1761907012592607338,[<ReferencedTweet id=1755360372918554647 type=retweeted>],,"[{'domain': {'id': '46', 'name': 'Business Taxonomy', 'description': 'Categories within Brand Verticals that narrow down the scope of Brands'}, 'entity': {'id': '1557696848252391426', 'name': 'Financial Services Business', 'description': 'Brands, companies, advertisers and every non-person handle with the profit intent related to Banks, Credit cards, Insurance, Investments, Stocks '}}, {'domain': {'id': '47', 'name': 'Brand', 'description': 'Brands and Companies'}, 'entity': {'id': '10043168839', 'name': 'Broadcom Limited'}}, {'domain': {'id': '131', 'name': 'Unified Twitter Taxonomy', 'description': 'A taxonomy of user interests. '}, 'entity': {'id': '10043168839', 'name': 'Broadcom Limited'}}, {'domain': {'id': '131', 'name': 'Unified Twitter Taxonomy', 'description': 'A taxonomy of user interests. '}, 'entity': {'id': '847894852779900928', 'name': 'Stocks & indices', 'description': 'Stocks'}}, {'domain': {'id': '131', 'name': 'Unified Twitter Taxonomy', 'description': 'A taxonomy of user interests. '}, 'entity': {'id': '864154902926196737', 'name': 'S&P 500', 'description': 'S&P 500'}}, {'domain': {'id': '131', 'name': 'Unified Twitter Taxonomy', 'description': 'A taxonomy of user interests. '}, 'entity': {'id': '1303013359306993665', 'name': '$SPY'}}, {'domain': {'id': '131', 'name': 'Unified Twitter Taxonomy', 'description': 'A taxonomy of user interests. '}, 'entity': {'id': '1303035954727247872', 'name': '$QQQ'}}, {'domain': {'id': '166', 'name': 'Stocks', 'description': 'for individual and types of stocks, e.g., $TRX, $QQQ'}, 'entity': {'id': '1303013359306993665', 'name': '$SPY'}}, {'domain': {'id': '166', 'name': 'Stocks', 'description': 'for individual and types of stocks, e.g., $TRX, $QQQ'}, 'entity': {'id': '1303035954727247872', 'name': '$QQQ'}}, {'domain': {'id': '65', 'name': 'Interests and Hobbies Vertical', 'description': 'Top level interests and hobbies groupings, like Food or Travel'}, 'entity': {'id': '781974596148793345', 'name': 'Business & finance'}}, {'domain': {'id': '66', 'name': 'Interests and Hobbies Category', 'description': 'A grouping of interests and hobbies entities, like Novelty Food or Destinations'}, 'entity': {'id': '847888632711061504', 'name': 'Personal finance', 'description': 'Personal finance'}}, {'domain': {'id': '67', 'name': 'Interests and Hobbies', 'description': 'Interests, opinions, and behaviors of individuals, groups, or cultures; like Speciality Cooking or Theme Parks'}, 'entity': {'id': '847894852779900928', 'name': 'Stocks & indices', 'description': 'Stocks'}}]",,,AVGO
1761906611906289801,"$AVGO Top analyst price target for next week:,,..
https://t.co/bsv8TfcFU6",2024-02-26 00:10:45+00:00,1565310211195379714,1761906611906289801,,,"[{'domain': {'id': '46', 'name': 'Business Taxonomy', 'description': 'Categories within Brand Verticals that narrow down the scope of Brands'}, 'entity': {'id': '1557696848252391426', 'name': 'Financial Services Business', 'description': 'Brands, companies, advertisers and every non-person handle with the profit intent related to Banks, Credit cards, Insurance, Investments, Stocks '}}, {'domain': {'id': '47', 'name': 'Brand', 'description': 'Brands and Companies'}, 'entity': {'id': '10043168839', 'name': 'Broadcom Limited'}}, {'domain': {'id': '131', 'name': 'Unified Twitter Taxonomy', 'description': 'A taxonomy of user interests. '}, 'entity': {'id': '10043168839', 'name': 'Broadcom Limited'}}, {'domain': {'id': '131', 'name': 'Unified Twitter Taxonomy', 'description': 'A taxonomy of user interests. '}, 'entity': {'id': '864154902926196737', 'name': 'S&P 500', 'description': 'S&P 500'}}, {'domain': {'id': '65', 'name': 'Interests and Hobbies Vertical', 'description': 'Top level interests and hobbies groupings, like Food or Travel'}, 'entity': {'id': '781974596148793345', 'name': 'Business & finance'}}, {'domain': {'id': '66', 'name': 'Interests and Hobbies Category', 'description': 'A grouping of interests and hobbies entities, like Novelty Food or Destinations'}, 'entity': {'id': '847888632711061504', 'name': 'Personal finance', 'description': 'Personal finance'}}, {'domain': {'id': '67', 'name': 'Interests and Hobbies', 'description': 'Interests, opinions, and behaviors of individuals, groups, or cultures; like Speciality Cooking or Theme Parks'}, 'entity': {'id': '847894852779900928', 'name': 'Stocks & indices', 'description': 'Stocks'}}]",,,AVGO
1761906504544756128,"RT @Banana3Stocks: $SMCI $NVDA $AVGO 

Wen splits? https://t.co/uHRgwrUJdw",2024-02-26 00:10:19+00:00,1696955563,1761906504544756128,[<ReferencedTweet id=1754825178188804549 type=retweeted>],"{'media_source_tweet_id': ['1754825178188804549'], 'media_keys': ['16_1754825172224503808']}","[{'domain': {'id': '46', 'name': 'Business Taxonomy', 'description': 'Categories within Brand Verticals that narrow down the scope of Brands'}, 'entity': {'id': '1557696848252391426', 'name': 'Financial Services Business', 'description': 'Brands, companies, advertisers and every non-person handle with the profit intent related to Banks, Credit cards, Insurance, Investments, Stocks '}}, {'domain': {'id': '47', 'name': 'Brand', 'description': 'Brands and Companies'}, 'entity': {'id': '10043168839', 'name': 'Broadcom Limited'}}, {'domain': {'id': '47', 'name': 'Brand', 'description': 'Brands and Companies'}, 'entity': {'id': '1480944075918352385', 'name': 'Nvidia'}}, {'domain': {'id': '131', 'name': 'Unified Twitter Taxonomy', 'description': 'A taxonomy of user interests. '}, 'entity': {'id': '10043168839', 'name': 'Broadcom Limited'}}, {'domain': {'id': '131', 'name': 'Unified Twitter Taxonomy', 'description': 'A taxonomy of user interests. '}, 'entity': {'id': '847894852779900928', 'name': 'Stocks & indices', 'description': 'Stocks'}}, {'domain': {'id': '131', 'name': 'Unified Twitter Taxonomy', 'description': 'A taxonomy of user interests. '}, 'entity': {'id': '864154902926196737', 'name': 'S&P 500', 'description': 'S&P 500'}}, {'domain': {'id': '131', 'name': 'Unified Twitter Taxonomy', 'description': 'A taxonomy of user interests. '}, 'entity': {'id': '1313539885362343936', 'name': '$NVDA'}}, {'domain': {'id': '131', 'name': 'Unified Twitter Taxonomy', 'description': 'A taxonomy of user interests. '}, 'entity': {'id': '1480944075918352385', 'name': 'Nvidia'}}, {'domain': {'id': '166', 'name': 'Stocks', 'description': 'for individual and types of stocks, e.g., $TRX, $QQQ'}, 'entity': {'id': '1313539885362343936', 'name': '$NVDA'}}, {'domain': {'id': '65', 'name': 'Interests and Hobbies Vertical', 'description': 'Top level interests and hobbies groupings, like Food or Travel'}, 'entity': {'id': '781974596148793345', 'name': 'Business & finance'}}, {'domain': {'id': '66', 'name': 'Interests and Hobbies Category', 'description': 'A grouping of interests and hobbies entities, like Novelty Food or Destinations'}, 'entity': {'id': '847888632711061504', 'name': 'Personal finance', 'description': 'Personal finance'}}, {'domain': {'id': '67', 'name': 'Interests and Hobbies', 'description': 'Interests, opinions, and behaviors of individuals, groups, or cultures; like Speciality Cooking or Theme Parks'}, 'entity': {'id': '847894852779900928', 'name': 'Stocks & indices', 'description': 'Stocks'}}]",,,AVGO
1761906481304084673,"RT @Banana3Stocks: $BABA $KWEB

$AVGO was added to the üçÇ‚òÄÔ∏èüçåFebruary list monthly targets to hit yesterday and it looks like BABA and KWEB c‚Ä¶",2024-02-26 00:10:14+00:00,1696955563,1761906481304084673,[<ReferencedTweet id=1754816607761879053 type=retweeted>],,"[{'domain': {'id': '46', 'name': 'Business Taxonomy', 'description': 'Categories within Brand Verticals that narrow down the scope of Brands'}, 'entity': {'id': '1557696848252391426', 'name': 'Financial Services Business', 'description': 'Brands, companies, advertisers and every non-person handle with the profit intent related to Banks, Credit cards, Insurance, Investments, Stocks '}}, {'domain': {'id': '47', 'name': 'Brand', 'description': 'Brands and Companies'}, 'entity': {'id': '10043168839', 'name': 'Broadcom Limited'}}, {'domain': {'id': '131', 'name': 'Unified Twitter Taxonomy', 'description': 'A taxonomy of user interests. '}, 'entity': {'id': '10043168839', 'name': 'Broadcom Limited'}}, {'domain': {'id': '131', 'name': 'Unified Twitter Taxonomy', 'description': 'A taxonomy of user interests. '}, 'entity': {'id': '847894852779900928', 'name': 'Stocks & indices', 'description': 'Stocks'}}, {'domain': {'id': '131', 'name': 'Unified Twitter Taxonomy', 'description': 'A taxonomy of user interests. '}, 'entity': {'id': '864154902926196737', 'name': 'S&P 500', 'description': 'S&P 500'}}, {'domain': {'id': '131', 'name': 'Unified Twitter Taxonomy', 'description': 'A taxonomy of user interests. '}, 'entity': {'id': '1303013359306993665', 'name': '$SPY'}}, {'domain': {'id': '131', 'name': 'Unified Twitter Taxonomy', 'description': 'A taxonomy of user interests. '}, 'entity': {'id': '1303035954727247872', 'name': '$QQQ'}}, {'domain': {'id': '131', 'name': 'Unified Twitter Taxonomy', 'description': 'A taxonomy of user interests. '}, 'entity': {'id': '1306659423109046272', 'name': '$BABA'}}, {'domain': {'id': '131', 'name': 'Unified Twitter Taxonomy', 'description': 'A taxonomy of user interests. '}, 'entity': {'id': '1417415621281673217', 'name': 'Central Banks'}}, {'domain': {'id': '166', 'name': 'Stocks', 'description': 'for individual and types of stocks, e.g., $TRX, $QQQ'}, 'entity': {'id': '1303013359306993665', 'name': '$SPY'}}, {'domain': {'id': '166', 'name': 'Stocks', 'description': 'for individual and types of stocks, e.g., $TRX, $QQQ'}, 'entity': {'id': '1303035954727247872', 'name': '$QQQ'}}, {'domain': {'id': '166', 'name': 'Stocks', 'description': 'for individual and types of stocks, e.g., $TRX, $QQQ'}, 'entity': {'id': '1306659423109046272', 'name': '$BABA'}}, {'domain': {'id': '65', 'name': 'Interests and Hobbies Vertical', 'description': 'Top level interests and hobbies groupings, like Food or Travel'}, 'entity': {'id': '781974596148793345', 'name': 'Business & finance'}}, {'domain': {'id': '66', 'name': 'Interests and Hobbies Category', 'description': 'A grouping of interests and hobbies entities, like Novelty Food or Destinations'}, 'entity': {'id': '847888632711061504', 'name': 'Personal finance', 'description': 'Personal finance'}}, {'domain': {'id': '67', 'name': 'Interests and Hobbies', 'description': 'Interests, opinions, and behaviors of individuals, groups, or cultures; like Speciality Cooking or Theme Parks'}, 'entity': {'id': '847894852779900928', 'name': 'Stocks & indices', 'description': 'Stocks'}}, {'domain': {'id': '29', 'name': 'Events [Entity Service]', 'description': 'Real world events. '}, 'entity': {'id': '788929372342263808', 'name': 'Cheddar', 'description': 'Cheddar'}}]",,,AVGO
1761916098554007912,@osamu_uk „ÅÑ„ÇÑ„ÄÅ„Åª„Çì„Å®„Å´„Åà„ÅàÔºÅ„Å£„Å¶ÊÑü„Åò„Åß„Åô„ÄÇÁ¢∫„ÅãBroadcom„ÅØ7ÂÖÜÂÜÜ„Åè„Çâ„ÅÑ„ÅßVMwareË≤∑Âèé„Åó„Å¶„Åü„ÅØ„Åö„Å™„ÅÆ„Å´„ÄÇ‰Ωï„Åå„Åó„Åü„Åã„Å£„Åü„ÅÆ„ÅãÔºüÔºü,2024-02-26 00:48:27+00:00,33856681,1761914317405126859,[<ReferencedTweet id=1761914317405126859 type=replied_to>],,"[{'domain': {'id': '30', 'name': 'Entities [Entity Service]', 'description': 'Entity Service top level domain, every item that is in Entity Service should be in this domain'}, 'entity': {'id': '781974596752842752', 'name': 'Services'}}, {'domain': {'id': '47', 'name': 'Brand', 'description': 'Brands and Companies'}, 'entity': {'id': '10042866033', 'name': 'VMware'}}, {'domain': {'id': '47', 'name': 'Brand', 'description': 'Brands and Companies'}, 'entity': {'id': '10043168839', 'name': 'Broadcom Limited'}}]",,,VMware broadcom
1761913242895409521,@PhoHuu98182 Interesting move by Broadcom. CEO Hock Tan making strategic changes post-VMware acquisition with KKR involved.,2024-02-26 00:37:06+00:00,291959965,1761890111627932096,[<ReferencedTweet id=1761890111627932096 type=replied_to>],,"[{'domain': {'id': '30', 'name': 'Entities [Entity Service]', 'description': 'Entity Service top level domain, every item that is in Entity Service should be in this domain'}, 'entity': {'id': '781974596752842752', 'name': 'Services'}}, {'domain': {'id': '47', 'name': 'Brand', 'description': 'Brands and Companies'}, 'entity': {'id': '10042866033', 'name': 'VMware'}}, {'domain': {'id': '47', 'name': 'Brand', 'description': 'Brands and Companies'}, 'entity': {'id': '10043168839', 'name': 'Broadcom Limited'}}]",,,VMware broadcom
1761912075151179961,@Broadcom execs are complete morons not listening to the users and customers. Why by it to fail? https://t.co/B05v4HYznr,2024-02-26 00:32:28+00:00,600346072,1761912075151179961,,,"[{'domain': {'id': '47', 'name': 'Brand', 'description': 'Brands and Companies'}, 'entity': {'id': '10043168839', 'name': 'Broadcom Limited'}}]",,,VMware broadcom
1761907517695701058,@PhoHuu98182 Exciting to see Broadcom making strategic moves post-VMware acquisition. Advisors chosen wisely for the deal.,2024-02-26 00:14:21+00:00,1923950526,1761890111627932096,[<ReferencedTweet id=1761890111627932096 type=replied_to>],,"[{'domain': {'id': '47', 'name': 'Brand', 'description': 'Brands and Companies'}, 'entity': {'id': '1575492088128339969', 'name': 'Strategic Moves'}}, {'domain': {'id': '30', 'name': 'Entities [Entity Service]', 'description': 'Entity Service top level domain, every item that is in Entity Service should be in this domain'}, 'entity': {'id': '781974596752842752', 'name': 'Services'}}, {'domain': {'id': '47', 'name': 'Brand', 'description': 'Brands and Companies'}, 'entity': {'id': '10042866033', 'name': 'VMware'}}, {'domain': {'id': '47', 'name': 'Brand', 'description': 'Brands and Companies'}, 'entity': {'id': '10043168839', 'name': 'Broadcom Limited'}}]",,,VMware broadcom
1761907056154673457,"‚ÄòKKR would be a good home for [Broadcom‚Äôs VMware] EUC business,‚Äô said a top executive for a VDI software maker, who did not want to be identified. ‚ÄòIf KKR is successful. it could be a very, very good thing for the industry. Uncertainty is not good for the VMware EUC business or‚Ä¶ https://t.co/iSlPTHONaO",2024-02-26 00:12:31+00:00,875641,1761907056154673457,,,"[{'domain': {'id': '46', 'name': 'Business Taxonomy', 'description': 'Categories within Brand Verticals that narrow down the scope of Brands'}, 'entity': {'id': '1557696848252391426', 'name': 'Financial Services Business', 'description': 'Brands, companies, advertisers and every non-person handle with the profit intent related to Banks, Credit cards, Insurance, Investments, Stocks '}}, {'domain': {'id': '30', 'name': 'Entities [Entity Service]', 'description': 'Entity Service top level domain, every item that is in Entity Service should be in this domain'}, 'entity': {'id': '781974596752842752', 'name': 'Services'}}, {'domain': {'id': '47', 'name': 'Brand', 'description': 'Brands and Companies'}, 'entity': {'id': '10042866033', 'name': 'VMware'}}, {'domain': {'id': '47', 'name': 'Brand', 'description': 'Brands and Companies'}, 'entity': {'id': '10043168839', 'name': 'Broadcom Limited'}}, {'domain': {'id': '65', 'name': 'Interests and Hobbies Vertical', 'description': 'Top level interests and hobbies groupings, like Food or Travel'}, 'entity': {'id': '781974596148793345', 'name': 'Business & finance'}}, {'domain': {'id': '66', 'name': 'Interests and Hobbies Category', 'description': 'A grouping of interests and hobbies entities, like Novelty Food or Destinations'}, 'entity': {'id': '857878644013780993', 'name': 'Business software', 'description': 'Business software'}}, {'domain': {'id': '131', 'name': 'Unified Twitter Taxonomy', 'description': 'A taxonomy of user interests. '}, 'entity': {'id': '1462809866016231427', 'name': 'Business & Productivity Software'}}, {'domain': {'id': '131', 'name': 'Unified Twitter Taxonomy', 'description': 'A taxonomy of user interests. '}, 'entity': {'id': '1462809874195042313', 'name': 'Computer software'}}]",,,VMware broadcom
1761903250180018338,RT @TechFieldDay: AI Field Day 4 is coming February 21-23. Tune in live on LinkedIn or our website to see presentations from @VMware by @Br‚Ä¶,2024-02-25 23:57:24+00:00,1308935294612385798,1761903250180018338,[<ReferencedTweet id=1757895512567500878 type=retweeted>],,"[{'domain': {'id': '30', 'name': 'Entities [Entity Service]', 'description': 'Entity Service top level domain, every item that is in Entity Service should be in this domain'}, 'entity': {'id': '781974596752842752', 'name': 'Services'}}, {'domain': {'id': '47', 'name': 'Brand', 'description': 'Brands and Companies'}, 'entity': {'id': '10041116541', 'name': 'LinkedIn'}}, {'domain': {'id': '47', 'name': 'Brand', 'description': 'Brands and Companies'}, 'entity': {'id': '10042866033', 'name': 'VMware'}}]",,,VMware broadcom
1761894758312792238,"EUCÈÉ®ÈñÄ„Å©„ÅÜ„Å™„Çã„Åã„Å™„ÅÅ„ÄÇ

https://t.co/FxznspxOyk",2024-02-25 23:23:39+00:00,739811066268422144,1761894758312792238,,,[],,,VMware broadcom
1761890111627932096,"Broadcom is close to selling its remote access device business to KKR for $3.8 billion,part of CEO Hock Tan's portfolio optimization efforts following the $69 billion VMware acquisition.KKR is advised by Evercore, Deutsche Bank, and Jefferies, while Citigroup advises Broadcom. https://t.co/ySQHkBCKao",2024-02-25 23:05:11+00:00,1729811059467603968,1761890111627932096,,{'media_keys': ['3_1761890092640284672']},"[{'domain': {'id': '45', 'name': 'Brand Vertical', 'description': 'Top level entities that describe a Brands industry'}, 'entity': {'id': '781974596148793345', 'name': 'Business & finance'}}, {'domain': {'id': '30', 'name': 'Entities [Entity Service]', 'description': 'Entity Service top level domain, every item that is in Entity Service should be in this domain'}, 'entity': {'id': '781974596794716162', 'name': 'Financial services'}}, {'domain': {'id': '46', 'name': 'Business Taxonomy', 'description': 'Categories within Brand Verticals that narrow down the scope of Brands'}, 'entity': {'id': '1557696848252391426', 'name': 'Financial Services Business', 'description': 'Brands, companies, advertisers and every non-person handle with the profit intent related to Banks, Credit cards, Insurance, Investments, Stocks '}}, {'domain': {'id': '47', 'name': 'Brand', 'description': 'Brands and Companies'}, 'entity': {'id': '10037021811', 'name': 'Deutsche Bank'}}, {'domain': {'id': '65', 'name': 'Interests and Hobbies Vertical', 'description': 'Top level interests and hobbies groupings, like Food or Travel'}, 'entity': {'id': '781974596148793345', 'name': 'Business & finance'}}, {'domain': {'id': '67', 'name': 'Interests and Hobbies', 'description': 'Interests, opinions, and behaviors of individuals, groups, or cultures; like Speciality Cooking or Theme Parks'}, 'entity': {'id': '847894353708068864', 'name': 'Investing', 'description': 'Investing'}}, {'domain': {'id': '67', 'name': 'Interests and Hobbies', 'description': 'Interests, opinions, and behaviors of individuals, groups, or cultures; like Speciality Cooking or Theme Parks'}, 'entity': {'id': '1486740607863177219', 'name': 'Mergers & Acquisitions'}}, {'domain': {'id': '45', 'name': 'Brand Vertical', 'description': 'Top level entities that describe a Brands industry'}, 'entity': {'id': '781974596148793345', 'name': 'Business & finance'}}, {'domain': {'id': '30', 'name': 'Entities [Entity Service]', 'description': 'Entity Service top level domain, every item that is in Entity Service should be in this domain'}, 'entity': {'id': '781974596731871232', 'name': 'Banking - Business & finance'}}, {'domain': {'id': '30', 'name': 'Entities [Entity Service]', 'description': 'Entity Service top level domain, every item that is in Entity Service should be in this domain'}, 'entity': {'id': '781974596752842752', 'name': 'Services'}}, {'domain': {'id': '47', 'name': 'Brand', 'description': 'Brands and Companies'}, 'entity': {'id': '10026450526', 'name': 'Citi'}}, {'domain': {'id': '47', 'name': 'Brand', 'description': 'Brands and Companies'}, 'entity': {'id': '10042866033', 'name': 'VMware'}}, {'domain': {'id': '47', 'name': 'Brand', 'description': 'Brands and Companies'}, 'entity': {'id': '10043168839', 'name': 'Broadcom Limited'}}, {'domain': {'id': '65', 'name': 'Interests and Hobbies Vertical', 'description': 'Top level interests and hobbies groupings, like Food or Travel'}, 'entity': {'id': '781974596148793345', 'name': 'Business & finance'}}]",,,VMware broadcom
1761889185013653585,@cioontherun @FrankMcG @Broadcom @VMware https://t.co/iJgsR9L3YR,2024-02-25 23:01:30+00:00,702288189738778625,1760770717040115988,[<ReferencedTweet id=1761885465852940714 type=replied_to>],{'media_keys': ['16_1761889172464304128']},"[{'domain': {'id': '30', 'name': 'Entities [Entity Service]', 'description': 'Entity Service top level domain, every item that is in Entity Service should be in this domain'}, 'entity': {'id': '781974596752842752', 'name': 'Services'}}, {'domain': {'id': '47', 'name': 'Brand', 'description': 'Brands and Companies'}, 'entity': {'id': '10042866033', 'name': 'VMware'}}, {'domain': {'id': '47', 'name': 'Brand', 'description': 'Brands and Companies'}, 'entity': {'id': '10043168839', 'name': 'Broadcom Limited'}}]",{'place_id': 'f3665f19993977ca'},,VMware broadcom
1761886064573034724,"@FrankMcG @Broadcom @VMware Assuming they got a ‚Äúdiscount‚Äù of $100 / core, we are talking about thousands of servers. You can‚Äôt just migrate overnight to another platform. $100M is worth it at this level, to keep it going for a while.",2024-02-25 22:49:06+00:00,1143270238114451458,1760770717040115988,[<ReferencedTweet id=1761884010903420981 type=replied_to>],,"[{'domain': {'id': '30', 'name': 'Entities [Entity Service]', 'description': 'Entity Service top level domain, every item that is in Entity Service should be in this domain'}, 'entity': {'id': '781974596752842752', 'name': 'Services'}}, {'domain': {'id': '47', 'name': 'Brand', 'description': 'Brands and Companies'}, 'entity': {'id': '10042866033', 'name': 'VMware'}}, {'domain': {'id': '47', 'name': 'Brand', 'description': 'Brands and Companies'}, 'entity': {'id': '10043168839', 'name': 'Broadcom Limited'}}]",{'place_id': 'cd450c94084cbf9b'},,VMware broadcom
1761919282005610927,VMware pide ELIMINAR un complemento de autenticaci√≥n vulnerable y obsoleto https://t.co/Dpi6gMee6p https://t.co/MWsYQm0QBR,2024-02-26 01:01:06+00:00,22506983,1761919282005610927,,{'media_keys': ['3_1761919279908483072']},"[{'domain': {'id': '30', 'name': 'Entities [Entity Service]', 'description': 'Entity Service top level domain, every item that is in Entity Service should be in this domain'}, 'entity': {'id': '781974596752842752', 'name': 'Services'}}, {'domain': {'id': '47', 'name': 'Brand', 'description': 'Brands and Companies'}, 'entity': {'id': '10042866033', 'name': 'VMware'}}]",,,VMware
1761918769918791698,Network Virtualization Strategies in Private and Hybrid Cloud Environments https://t.co/iks7ogRYVj,2024-02-26 00:59:04+00:00,20118212,1761918769918791698,,,[],,,VMware
1761916098554007912,@osamu_uk „ÅÑ„ÇÑ„ÄÅ„Åª„Çì„Å®„Å´„Åà„ÅàÔºÅ„Å£„Å¶ÊÑü„Åò„Åß„Åô„ÄÇÁ¢∫„ÅãBroadcom„ÅØ7ÂÖÜÂÜÜ„Åè„Çâ„ÅÑ„ÅßVMwareË≤∑Âèé„Åó„Å¶„Åü„ÅØ„Åö„Å™„ÅÆ„Å´„ÄÇ‰Ωï„Åå„Åó„Åü„Åã„Å£„Åü„ÅÆ„ÅãÔºüÔºü,2024-02-26 00:48:27+00:00,33856681,1761914317405126859,[<ReferencedTweet id=1761914317405126859 type=replied_to>],,"[{'domain': {'id': '30', 'name': 'Entities [Entity Service]', 'description': 'Entity Service top level domain, every item that is in Entity Service should be in this domain'}, 'entity': {'id': '781974596752842752', 'name': 'Services'}}, {'domain': {'id': '47', 'name': 'Brand', 'description': 'Brands and Companies'}, 'entity': {'id': '10042866033', 'name': 'VMware'}}, {'domain': {'id': '47', 'name': 'Brand', 'description': 'Brands and Companies'}, 'entity': {'id': '10043168839', 'name': 'Broadcom Limited'}}]",,,VMware
1761914743772811701,Official VMware Visio Stencils &amp; Icons ‚Äì Update https://t.co/SVMJlVwBh0,2024-02-26 00:43:04+00:00,701017793756418049,1761914743772811701,,,"[{'domain': {'id': '30', 'name': 'Entities [Entity Service]', 'description': 'Entity Service top level domain, every item that is in Entity Service should be in this domain'}, 'entity': {'id': '781974596752842752', 'name': 'Services'}}, {'domain': {'id': '47', 'name': 'Brand', 'description': 'Brands and Companies'}, 'entity': {'id': '10042866033', 'name': 'VMware'}}]",,,VMware
1761913432876659137,"VMware„ÅÆEUCÈÉ®ÈñÄ„ÅÆPE„Å´Â£≤Âç¥„ÄÇ„Çπ„É™„É†Âåñ„Åó„ÅüÂæå„Å´Cisco„ÅãHPE„ÅÇ„Åü„Çä„ÅåË≤∑„ÅÑ„Åù„ÅÜ„ÄÇ„ÄÇ„ÄÇ
https://t.co/8d49WXj6kI",2024-02-26 00:37:51+00:00,1021761366040895489,1761913432876659137,,,"[{'domain': {'id': '30', 'name': 'Entities [Entity Service]', 'description': 'Entity Service top level domain, every item that is in Entity Service should be in this domain'}, 'entity': {'id': '781974596752842752', 'name': 'Services'}}, {'domain': {'id': '47', 'name': 'Brand', 'description': 'Brands and Companies'}, 'entity': {'id': '10026364368', 'name': 'HP'}}, {'domain': {'id': '47', 'name': 'Brand', 'description': 'Brands and Companies'}, 'entity': {'id': '10042866033', 'name': 'VMware'}}, {'domain': {'id': '48', 'name': 'Product', 'description': 'Products created by Brands.  Examples: Ford Explorer, Apple iPhone.'}, 'entity': {'id': '10040990644', 'name': 'HP Enterprise'}}]",,,VMware
1761913242895409521,@PhoHuu98182 Interesting move by Broadcom. CEO Hock Tan making strategic changes post-VMware acquisition with KKR involved.,2024-02-26 00:37:06+00:00,291959965,1761890111627932096,[<ReferencedTweet id=1761890111627932096 type=replied_to>],,"[{'domain': {'id': '30', 'name': 'Entities [Entity Service]', 'description': 'Entity Service top level domain, every item that is in Entity Service should be in this domain'}, 'entity': {'id': '781974596752842752', 'name': 'Services'}}, {'domain': {'id': '47', 'name': 'Brand', 'description': 'Brands and Companies'}, 'entity': {'id': '10042866033', 'name': 'VMware'}}, {'domain': {'id': '47', 'name': 'Brand', 'description': 'Brands and Companies'}, 'entity': {'id': '10043168839', 'name': 'Broadcom Limited'}}]",,,VMware
1761913157952377317,"RT @PentesterLab: Articles worth reading discovered last week: 

üóû https://t.co/DoYhYYngzA
üóû https://t.co/4WXHvtLmj2
üóû https://t.co/fBHnm2W‚Ä¶",2024-02-26 00:36:46+00:00,791463124591316992,1761913157952377317,[<ReferencedTweet id=1761888777147203653 type=retweeted>],,[],,,VMware
1761912929799045232,[ Blog ]  Install #Windows 11 on VMware #vSphere https://t.co/eF8EnkHpaw #tpm https://t.co/FgYGFhF2iV,2024-02-26 00:35:51+00:00,113568041,1761912929799045232,,{'media_keys': ['3_1761912925185245184']},"[{'domain': {'id': '30', 'name': 'Entities [Entity Service]', 'description': 'Entity Service top level domain, every item that is in Entity Service should be in this domain'}, 'entity': {'id': '781974596752842752', 'name': 'Services'}}, {'domain': {'id': '46', 'name': 'Business Taxonomy', 'description': 'Categories within Brand Verticals that narrow down the scope of Brands'}, 'entity': {'id': '1557697333571112960', 'name': 'Technology Business', 'description': 'Brands, companies, advertisers and every non-person handle with the profit intent related to softwares, apps, communication equipments, hardwares'}}, {'domain': {'id': '47', 'name': 'Brand', 'description': 'Brands and Companies'}, 'entity': {'id': '10027232467', 'name': 'Microsoft'}}, {'domain': {'id': '48', 'name': 'Product', 'description': 'Products created by Brands.  Examples: Ford Explorer, Apple iPhone.'}, 'entity': {'id': '10027604610', 'name': 'Microsoft Windows'}}, {'domain': {'id': '30', 'name': 'Entities [Entity Service]', 'description': 'Entity Service top level domain, every item that is in Entity Service should be in this domain'}, 'entity': {'id': '848920371311001600', 'name': 'Technology', 'description': 'Technology and computing'}}, {'domain': {'id': '131', 'name': 'Unified Twitter Taxonomy', 'description': 'A taxonomy of user interests. '}, 'entity': {'id': '10027604610', 'name': 'Microsoft Windows'}}, {'domain': {'id': '30', 'name': 'Entities [Entity Service]', 'description': 'Entity Service top level domain, every item that is in Entity Service should be in this domain'}, 'entity': {'id': '781974596752842752', 'name': 'Services'}}, {'domain': {'id': '47', 'name': 'Brand', 'description': 'Brands and Companies'}, 'entity': {'id': '10042866033', 'name': 'VMware'}}]",,,VMware
1761912075151179961,@Broadcom execs are complete morons not listening to the users and customers. Why by it to fail? https://t.co/B05v4HYznr,2024-02-26 00:32:28+00:00,600346072,1761912075151179961,,,"[{'domain': {'id': '47', 'name': 'Brand', 'description': 'Brands and Companies'}, 'entity': {'id': '10043168839', 'name': 'Broadcom Limited'}}]",,,VMware
1761907517695701058,@PhoHuu98182 Exciting to see Broadcom making strategic moves post-VMware acquisition. Advisors chosen wisely for the deal.,2024-02-26 00:14:21+00:00,1923950526,1761890111627932096,[<ReferencedTweet id=1761890111627932096 type=replied_to>],,"[{'domain': {'id': '47', 'name': 'Brand', 'description': 'Brands and Companies'}, 'entity': {'id': '1575492088128339969', 'name': 'Strategic Moves'}}, {'domain': {'id': '30', 'name': 'Entities [Entity Service]', 'description': 'Entity Service top level domain, every item that is in Entity Service should be in this domain'}, 'entity': {'id': '781974596752842752', 'name': 'Services'}}, {'domain': {'id': '47', 'name': 'Brand', 'description': 'Brands and Companies'}, 'entity': {'id': '10042866033', 'name': 'VMware'}}, {'domain': {'id': '47', 'name': 'Brand', 'description': 'Brands and Companies'}, 'entity': {'id': '10043168839', 'name': 'Broadcom Limited'}}]",,,VMware
